id;tstamp;volume;chapter;level_basic;level_plus;objective_text;extended_objective_plus;extended_objective_basic
1;1707522961;1;1;1;1;"proportionale Zuordnung in Situationen erkennen.";;
2;1707522961;1;1;1;1;"Werte in proportionalen Zuordnungen berechnen.";;
3;1707522961;1;1;1;1;"Preisvergleiche mithilfe von Wertetabellen und Berechnungen anstellen.";;
4;1707522961;1;2;1;1;"Die vier Grundoperationen im Hunderterraum sicher im Kopf durchführen.";;
5;1707522961;1;2;1;1;"Zahlen und Grössen auf den nächsten Stellenwert ergänzen.";;
6;1707522961;1;2;1;1;"Zahlen und Grössen nach den Rundungsregeln sicher im Kopf runden.";;
7;1707522961;1;2;1;1;"Längen, Gewichte, Hohlmasse und Zeiten in benachbarte Grösseneinheiten umrechnen.";;
8;1707523209;1;2;1;1;"Den Wert von Zahlentermen berechnen und dabei die Klammerregeln und die Regel «Punkt vor Strich» berücksichtigen.";;
9;1707522961;1;3;1;1;"Mithilfe von verwandten, einfachen Rechnungen Ergebnisse im Kopf abschätzen.";;
10;1707523294;1;3;1;1;"Mindestens eine der beiden Methoden «mindestens - höchstens» oder «gerundet» bei Überschlagsrechnungen anwenden.";;
11;1707522961;1;3;1;1;"Zu Fermi-Fragen Annahmen treffen und mit Schätzen und Berechnen sinnvolle Antworten finden.";;
12;1707522961;1;4;1;1;"mir zu Grössen konkrete Beispiele vorstellen.";;
13;1707522961;1;4;1;1;"mit Grössen rechnen.";;
14;1707522961;1;5;1;1;"Winkel mit Geodreieck messen und zeichnen.";;
15;1707522961;1;5;1;1;"Parallelen und Senkrechte zu einer Geraden mit Geodreieck und Lineal zeichnen.";;
16;1707522961;1;5;1;1;"Spitze, rechte und stumpfe Winkel voneinander unterscheiden.";;
17;1707523722;1;6;1;1;"die Begriffe Koordinatensystem, x-Koordinate, y-Koordinate und Ursprung erklären.";;
18;1707522961;1;6;1;1;"die Bedeutung der Vorzeichen von Koordinaten erklären.";;
19;1707522961;1;6;1;1;"bei gegebenen Koordinaten die Punkte in ein Koordinatensystem einzeichnen.";;
20;1707522961;1;6;1;1;"Koordinaten von Punkte aus einem Koordinatensystem herauslesen.";;
21;1707522961;1;7;1;1;"die Stellenwertschreibweise von Zahlen verstehen und erklären.";;
22;1707522961;1;7;1;1;"die Lage von Zahlen auf dem Zahlenstrahl angeben.";;
23;1707522961;1;7;1;1;"die vier Grundoperationen mit Dezimalbrüchen im Kopf ausführen.";;
24;1707522961;1;8;1;1;"Dezimalbrüche am Zahlenstrahl und in der Stellentafel darstellen und ordnen.";;
25;1707522961;1;8;1;1;"Brüche in unterschiedlichen Modellen (Kreismodell, Flächenmodell, Streckenmodell) darstellen.";;
26;1707522962;1;8;1;1;"Brüche mithilfe des Rechteckmodells addieren und subtrahieren.";;
27;1707522962;1;8;1;1;"Brüche erweitern und kürzen.";;
28;1707522962;1;9;1;1;"Beispiele zu Flächen von 1 mm², 1 cm², 1 dm² und 1 m² nennen.";;
29;1707522962;1;9;1;1;"die Grösse verschiedener Flächen schätzen.";;
30;1707522962;1;9;1;1;"Beispiele zu Volumen von 1 cm³ = 1 ml, 1 dm³ = 1 l und 1 m³ = 1000 l nennen.";;
31;1707522962;1;9;1;1;"Flächen und Volumen von einfachen rechtwinkligen Figuren und Körpern berechnen.";;
32;1707522962;1;10;1;;"eine Figurenfolge weiterführen und die Wertetabelle erstellen.";;
33;1707522962;1;10;1;;"anhand einer Beschreibung oder Wertetabelle eine Figurenfolge finden.";;
34;1707522962;1;10;1;;"zu einem Term eine Wertetabelle erstellen.";;
35;1707522962;1;10;1;;"zu einer Wertetabelle den Term finden.";;
36;1707522962;1;10;;1;"die Begriffe Variable und Term erklären.";;
37;1707522962;1;10;;1;"zu einem Term die Wertetabelle und eine Figurenfolge finden und umgekehrt.";;
38;1707522962;1;10;;1;"zu einer Figurenfolge eine Beschreibung und einen Term finden und umgekehrt.";;
39;1707522962;1;10;;;"in Figurenfolgen Zusammenhänge erkennen, eine Wertetabelle erstellen und den Term finden.";;1
40;1707522962;1;10;;;"Unterschiedliche Terme als gleichwertig erkennen.";;1
41;1707522962;1;10;;;"zu einem Term eine Figurenfolge und eine Beschreibung finden.";;1
42;1707522962;1;10;;;"zu einer Figurenfolge verschiedene Beschreibungen und gleichwertige Terme finden.";1;
43;1707522962;1;10;;;"Zusammenhänge in Wertetabellen zu Figurenfolgen erkennen.";1;
44;1707522962;1;10;;;"einen Term zu anspruchsvollen Folgen finden.";1;
45;1707522962;1;11;1;;"eine Boxenanordnung in eine Gleichung übersetzen und umgekehrt.";;
46;1707522962;1;11;1;;"bei Boxenanordnungen entscheiden, in welcher Box mehr Hölzchen drin sind.";;
47;1707522962;1;11;1;;"zu einer Gleichung mit einer Variablen die Lösung finden.";;
48;1707522962;1;11;;1;"Boxenanordnungen in Gleichungen übersetzen und umgekehrt.";;
49;1707522962;1;11;;1;"Lösungen von Boxenanordnungen in eine Wertetabelle eintragen und umgekehrt, Wertetabellen in eine Gleichung übersetzen.";;
50;1707522962;1;11;;1;"Boxenanordnungen und Wertetabellen Texten zuordnen und Schlüsselwörter verwenden.";;
51;1707522963;1;11;;;"Schlüsselwörter verwenden, um Texte in Wertetabellen zu übersetzen und umgekehrt.";;1
52;1707522963;1;11;;;"Boxanordnungen - Gleichungen - Tabellen - Texte von einer Darstellung in eine andere übertragen.";;1
53;1707522963;1;11;;;"eigene Texte zu Boxanordnungen schreiben.";;1
54;1707522963;1;11;;;"Texte, Tabellen, Gleichungen und Boxenanordnungen jeweils in die anderen Darstellungsformen übersetzen.";1;
55;1707522963;1;11;;;"eigene Texte zu Boxenanordnungen und Wertetabellen schreiben.";1;
56;1707522963;1;11;;;"Lösungen zu zwei verschiedenen mit «und» verbundenen Boxenanordnungen finden.";1;
57;1707522963;1;11;;;"Boxenanordnungen erfinden mit einer Lösung, mit einem Lösungspaar, mit unendlich vielen Lösungspaaren oder keinen Lösungen.";1;
58;1707522963;1;12;1;;"Flächeninhalt und Umfang von Parallelogrammen und Dreiecken bestimmen.";;
59;1707522963;1;12;1;;"Parallelogramme und Dreiecke massstabsgetreu zeichnen und beschriften.";;
60;1707522963;1;12;1;;"Mindestens eine Höhe in Parallelogrammen oder in Dreiecken einzeichnen.";;
61;1707523496;1;12;1;;"zeigen, dass jedes Dreieck zu einem doppelt so grossen Rechteck oder Parallelogramm ergänzt werden kann.";;
62;1707522963;1;12;;1;"Umfang und Flächeninhalt von Parallelogrammen und Dreiecken bestimmen sowie die Flächenformeln erklären.";;
63;1707522963;1;12;;1;"Parallelogramme und Dreiecke massstabsgetreu zeichnen und beschriften.";;
64;1707522963;1;12;;1;"die Höhen in Parallelogrammen und Dreiecken einzeichnen.";;
65;1707522963;1;12;;1;"verschiedene Typen von Parallelogrammen und Dreiecken benennen.";;
66;1707522963;1;12;;;"Umkehraufgaben zur Flächen- und Umfangberechnung lösen.";;1
67;1707522963;1;12;;;"die Flächengleichheit bei gleicher Seite und Höhe im Parallelogramm und Dreieck erkennen und begründen.";;1
68;1707522963;1;12;;;"alle Höhen in Dreiecken und Parallelogrammen einzeichnen.";;1
69;1707522963;1;12;;;"Vielecke berechnen.";;1
70;1707522963;1;12;;;"Flächenumwandlungen (Dreieck – Rechteck – Parallelogramm) aufzeigen sowie Umkehraufgaben zur Flächen- und Umfangberechnung lösen.";1;
71;1707522963;1;12;;;"die Flächengleichheit bei gleicher Seitenlänge und Höhe in Parallelogramm und Dreieck erkennen und begründen.";1;
72;1707522963;1;12;;;"Vielecke durch Zerlegung in Dreiecke berechnen.";1;
73;1707522963;1;13;1;1;"Raummasse anwenden sowie anschauliche Beispiele zu den Grundeinheiten (1mm³, 1cm³, 1dm³, 1m³) nennen.";;
74;1707522963;1;13;1;1;"Kantenlängen, Volumen und Oberflächen von Quadern bestimmen und berechnen.";;
75;1707522963;1;13;1;1;"Körper in Schrägbilddarstellung erkennen und einfache Körper skizzieren.";;
76;1707522964;1;13;1;1;"mich auf Aufgaben zur Kopfgeometrie einlassen und dabei skizzieren, notieren und Lösungen finden.";;
77;1707522964;1;13;;;"mir Zerlegungen von Quadern vorstellen und Aufgaben zur Kopfgeometrie lösen.";1;1
78;1707522964;1;13;;;"Beziehungen zwischen Kantenlängen, Oberflächen und Volumen erkennen und beschreiben.";;1
79;1707522964;1;13;;;"Seitenlängen von Quadern aufgrund von Oberflächen, Volumen oder Raumbildern bestimmen und umgekehrt.";;1
80;1707523366;1;13;;;"die Systematik der Längenmasse (10 cm = 1 dm), der Flächenmasse (100 cm² = 1 dm²) und der Raummasse (1000 cm³ = 1 dm³) erläutern.";1;
81;1707522964;1;13;;;"Beziehungen zwischen Kantenlängen, Oberflächen und Volumen erkennen und beschreiben.";1;
82;1707522964;1;14;1;1;"zu einem Gefäss einen entsprechenden Füllgraphen zeichnen.";;
83;1707522964;1;14;1;1;"zu einem Füllgraphen ein passendes Gefäss zeichnen.";;
84;1707522964;1;14;;;"die Situation mit Abhängigkeiten zweier Grössen (z. B. Geschwindigkeit - zurückgelegte Distanz) mithilfe von Graphen darstellen.";1;1
85;1707522964;1;14;;;"Darstellungen (z. B. Weg-Zeit-Graphen) interpretieren.";1;1
86;1707522964;1;14;;;"Situationen erfinden und mit Graphen beschreiben.";1;1
87;1707522964;1;15;1;1;"zu proportionalen Zuordnungen weitere Wertepaare finden.";;
88;1707522964;1;15;1;1;"proportionale und lineare grafische Darstellungen verstehen und Situationen zuordnen.";;
89;1707522964;1;15;1;1;"einfache proportionale Berechnungen halbschriftlich und mit dem TR durchführen.";;
90;1707522964;1;15;1;1;"Tabellen zu Kostenberechnungen verstehen und mit eigenen Einträgen versehen.";;
91;1707522964;1;15;;;"proportionale Zuordnungen algebraisch verstehen und definieren.";1;1
92;1707522964;1;15;;;"komplexe grafische Darstellungen verstehen und eigenständig Graphen zeichnen.";1;1
93;1707522964;1;15;;;"Berechnungen zu Wechselkursen durchführen, Wechselkurse grafisch darstellen und algebraisch beschreiben.";;1
94;1707522964;1;15;;;"komplexe Berechnungen durchführen und grafisch umsetzen.";1;
95;1707522964;1;15;;;"Berechnungen zu Wechselkursen durchführen, Wechselkurse grafisch darstellen und algebraisch beschreiben.";1;
96;1707522964;1;16;1;1;"grosse Zahlen in Ziffernschreibweise und mit Zehnerpotenzen schreiben und benennen.";;
97;1707523526;1;16;1;1;"grosse Zahlen auf dem Zahlenstrahl in Bezug zu anderen Zahlen setzen.";;
98;1707522964;1;16;1;1;"einfache Berechnungen zu grossen Zahlen und Zehnerpotenzen durchführen.";;
99;1707522964;1;16;1;1;"die Potenzschreibweise als verkürzte Schreibweise der Multiplikation verstehen und einfache Potenzen berechnen.";;
100;1707522964;1;16;;;"mit sehr grossen Zahlen Zehnerpotenzen in verschiedenen Zusammenhängen rechnen.";1;1
101;1707522964;1;16;;;"die Bedeutung von Potenzen in verschiedenen Zusammenhängen sehen und entsprechende Rechnungen durchführen.";1;1
102;1707522964;1;16;;;"grosse Zahlen in der Darstellung des Taschenrechners lesen und schreiben.";;1
103;1707522964;1;16;;;"Muster in Potenztafeln erforschen und Potenzen mit einfachen natürlichen Zahlen vergleichen, umformen und berechnen.";1;
104;1707522964;1;16;;;"grosse Zahlen in wissenschaftlicher Schreibweise und in der Darstellung des Taschenrechners lesen und schreiben.";1;
105;1707522964;1;17;1;1;"die vier Grundoperationen mit Brüchen an Modellen verstehen und nachvollziehen.";;
106;1707522964;1;17;1;1;"gebrochene Zahlen multiplizieren.";;
107;1707522964;1;17;;1;"gebrochene Zahlen addieren und subtrahieren.";;
108;1707522964;1;17;;;"gebrochene Zahlen dividieren.";1;1
109;1707522964;1;17;;;"Kopfrechnungen zu allen vier Grundoperationen mit gebrochenen Zahlen durchführen.";1;1
110;1707522964;1;17;;;"gebrochene Zahlen addieren und subtrahieren.";;1
111;1707522964;1;18;1;1;"gebräuchliche Zahlen in den drei Schreibweisen Prozent, Bruch, Dezimalbruch lesen und schreiben.";;
112;1707522964;1;18;1;1;"Zahlen in Prozent-, Dezimal- und Bruchschreibweise der Grösse nach ordnen.";;
113;1707522964;1;18;1;1;"zu Anzahlen (absoluten Häufigkeiten) die entsprechenden relativen Häufigkeiten in Prozenten berechnen.";;
114;1707522964;1;18;1;1;"Prozentzahlen verwenden, um Anteile von Grössen (Flächen, Längen, Gewichte, Geldbeträge) auszudrücken.";;
115;1707522964;1;18;1;1;"bei Kreissektoren den Anteil am gesamten Kreis in Prozenten ausdrücken.";;
116;1707522964;1;18;;;"Prozentangaben auch in komplexen Zusammenhängen vergleichen und kommentieren sowie Kommentare überprüfen.";1;1
117;1707522964;1;18;;;"ungebräuchliche und periodische Brüche in Dezimalbrüche und Prozentzahlen verwandeln.";1;1
118;1707522964;1;18;;;"zu Prozentangaben durch Überlegen und Probieren Beispiele finden.";1;1
119;1707522964;1;18;;;"Zusammenhänge formulieren sowie sprachlich formulierte Zusammenhänge verstehen.";1;1
120;1707522964;1;18;;;"Prozentangaben in Bezug auf verschiedene Grundwerte verstehen und berechnen.";;1
121;1707522964;1;18;;;"Prozentangaben in Bezug auf verschiedene «Ganze» verstehen und berechnen.";1;
122;1707522964;1;19;1;1;"Variablen in Termen durch Zahlen ersetzen und den Wert der Terme bestimmen.";;
123;1707522964;1;19;1;1;"einfache Terme mit Buchstaben addieren, subtrahieren und multiplizieren.";;
124;1707522964;1;19;1;;"Rechenregeln zur Vereinfachung von Rechnungen anwenden.";;
125;1707522964;1;19;;1;"Rechenregeln zur Umformung von Rechnungen anwenden.";;
126;1707522965;1;19;;;"Rechenregeln zur Umformung von komplexeren Termen anwenden.";1;1
127;1707522965;1;19;;;"selbständig die Umformung von Termen durch Ersetzen von Variablen durch Zahlen überprüfen.";1;1
128;1707522965;1;19;;;"einfache Terme in Produkte zerlegen.";1;1
129;1707522965;1;20;1;1;"Achsensymmetrie und Punktsymmetrie erkennen und ihre Eigenschaften beschreiben.";;
130;1707522965;1;20;1;1;"eine Figur an einer Achse oder einem Punkt spiegeln.";;
131;1707522965;1;20;1;1;"an Parallelen, die von Geraden geschnitten werden, gleiche Winkel erkennen.";;
132;1707522965;1;20;1;;"die Winkelsumme von Drei- und Vierecken angeben und Winkel in Drei- und Vierecken berechnen.";;
133;1707522965;1;20;;1;"Winkelsumme von Drei- und Vierecken kennen und Winkel in Drei- und Vierecken berechnen.";;
134;1707522965;1;20;;;"achsen- und punktsymmetrische Bilder konstruieren.";1;1
135;1707522965;1;20;;;"Vielecke in Dreiecke zerlegen und Winkel in Vielecken berechnen.";1;1
136;1707522965;1;20;;;"Eigenschaften von Scheitel-, Neben- und Stufenwinkeln kennen und für die Bestimmung von Winkeln nutzen.";1;
137;1707522965;1;20;;;"Eigenschaften spezieller Vierecke herleiten, nennen und nutzen.";1;
138;1707522965;1;21;1;1;"die Mittelsenkrechte zwischen zwei Punkten bzw. auf einer Strecke konstruieren.";;
139;1707522965;1;21;1;1;"die Winkelhalbierende zwischen zwei sich schneidenden Geraden konstruieren.";;
140;1707522965;1;21;1;1;"das Lot von einem Punkt auf eine Gerade fällen.";;
141;1707522965;1;21;;;"den Schnittpunkt der Mittelsenkrechten von drei Dreiecksseiten als Umkreismittelpunkt des Dreiecks erkennen.";1;1
142;1707522965;1;21;;;"den Schnittpunkt der Winkelhalbierenden in einem Dreieck als Inkreismittelpunkt des Dreiecks erkennen.";1;1
143;1707522965;1;21;;;"den Mittelpunkt eines Kreises bei gegebenen drei Punkten der Kreislinie konstruieren.";1;
144;1707522965;1;21;;;"den Höhenschnittpunkt in einem Dreieck konstruieren.";1;
145;1707522965;1;22;1;1;"aus einem Balkendiagramm die Zahlen und Prozentangaben herauslesen.";;
146;1707522965;1;22;1;1;"statistische Zahlenangaben in einem Balkendiagramm darstellen.";;
147;1707522965;1;22;1;1;"Anteile in Prozentangaben umrechnen.";;
148;1707522965;1;22;1;1;"Prozentangaben in Anzahlen umrechnen.";;
149;1707522965;1;22;;;"aus Diagrammen (Balken-, Linien-, Kreisdiagramme) Zahlen- und Prozentangaben entnehmen.";1;1
150;1707523322;1;22;;;"den Begriff «Stichprobe» erklären.";1;1
151;1707522965;1;22;;;"Statistiken interpretieren.";1;1
152;1707522965;1;22;;;"eine Umfrage ausarbeiten, durchführen und (z. B. mit einer Tabellenkalkulation) auswerten.";1;1
153;1707522965;1;23;;;"Kongruenzen zweier Figuren erkennen: Achsensymmetrie, Punktsymmetrie, Verschiebung, Drehsymmetrie.";1;1
154;1707522965;1;23;;;"eine einfache Figur um eine vorgegebene Strecke mit Zirkel und Geodreick verschieben.";1;1
155;1707522965;1;23;;;"eine einfache Figur um einen Drehpunkt und einen vorgegebenen Winkel drehen.";1;1
156;1707522965;1;23;;;"bei nicht kongruenten Figuren Zusammenhänge erkennen und beschreiben.";1;1
157;1707522965;1;24;;;"die Innenwinkel eines regelmässigen n-Ecks berechnen.";1;1
158;1707522965;1;24;;;"regelmässige Vielecke konstruieren.";1;1
159;1707522965;1;24;;;"Vielecke und Sternfiguren mit gegebenem Innenwinkel konstruieren.";1;1
160;1707522965;1;25;;;"unterschiedliche Preisangebote vergleichen.";1;1
161;1707522965;1;25;;;"zu Situationen mit linearem Verhalten Wertetabellen erstellen und entsprechende Graphen einzeichnen.";1;1
162;1707522966;1;25;;;"das günstigste Angebot für verschiedene Mengen aus Wertetabellen oder Grafiken herauslesen.";1;1
163;1707522966;1;25;;;"Grafiken mit linearem Verhalten interpretieren.";1;1
164;1707522966;1;26;;;"mehrstellige Zahlen algebraisch beschreiben.";1;1
165;1707522966;1;26;;;"Buchstabenterme gezielt so auswerten, dass sie bestimmten Kriterien genügen.";1;1
166;1707522966;1;26;;;"systematische Beispiele variieren und Feststellungen notieren.";1;1
167;1707522966;1;26;;;"Strukturen und Gesetzmässigkeiten algebraisch begründen.";1;1
168;1707522966;1;26;;;"erklären, bei welchen Beispielen das Rechnen mit Variablen Vorteile bringt.";1;1
169;1707522966;1;27;;;"Netze von verschiedenen Körpern zeichnen.";1;1
170;1707522966;1;27;;;"Flächenvergleiche anstellen sowie Flächeninhalte überschlagen.";1;1
171;1707522966;1;27;;;"Flächen schätzen und Flächenmasse umwandeln, auch Aren, Hektaren und Quadratkilometer.";1;1
172;1707522966;1;27;;;"Oberflächen von verschiedenen Körpern berechnen.";1;1
173;1707522966;1;28;;;"Zutaten für Rezepte berechnen und den Verbrauch abschätzen.";1;1
174;1707522966;1;28;;;"Zusammenhänge von Volumen, Fläche und Teigdicke (Höhe) beschreiben.";1;1
175;1707522966;1;28;;;"aus einem Text Informationen entnehmen und verarbeiten.";1;1
176;1707522966;1;28;;;"Funktionsgraphen interpretieren und vergleichen.";1;1
177;1707522966;1;29;;;"Zuordnungen in Tabellen darstellen und Werte berechnen.";1;1
178;1707522966;1;29;;;"Zuordnungen grafisch darstellen.";1;1
179;1707522966;1;29;;;"proportionale und umgekehrt proportionale Zuordnungen unterscheiden und erklären.";1;1
180;1707522966;1;30;;;"einfache Konstruktionen nach bildlicher und sprachlicher Anleitung durchführen.";1;1
181;1707522966;1;30;;;"ausgehend von gegebenen Strecken und Winkeln einfache Dreiecks- und Viereckskonstruktionen durchführen.";1;1
182;1707522966;1;30;;;"Konstruktionsanleitungen schreiben.";1;1
183;1707522966;1;31;;;"einfache Abzählprobleme systematisch lösen.";1;1
184;1707522966;1;31;;;"Strategien zum Lösen einfacher kombinatorischer Probleme auf gleichartige aber schwierigere Probleme übertragen.";1;1
185;1707522966;1;31;;;"komplexere Abzählprobleme lösen.";;1
186;1707522966;2;1;1;;"Koordinaten von Punkten in einem Koordinatensystem bestimmen und Punkte in ein Koordinatensystem eintragen.";;
187;1707522966;2;1;1;;"im Koordinatensystem Figuren an einer Achse oder an einem Punkt spiegeln.";;
188;1707522966;2;1;1;;"im Koordinatensystem Figuren um einen Punkt um 180° drehen.";;
189;1707522966;2;1;1;;"Figuren mit Zirkel und Massstab an einer Achse oder an einem Punkt spiegeln.";;
190;1707522966;2;2;1;;"den Flächeninhalt und den Umfang eines Rechtecks mit einem Term beschreiben.";;
191;1707522966;2;2;1;;"Variablen in Termen durch Zahlen ersetzen und den Wert der Terme bestimmen.";;
192;1707522966;2;2;1;;"Terme ausmultiplizieren und gleichwertige Terme erkennen.";;
193;1707522966;2;3;1;;"bei einem Vergleich erkennen, welche Anzahl grösser ist.";;
194;1707522966;2;3;1;;"zu einem Text eine Wertetabelle erstellen und einen passenden Term angeben.";;
195;1707522966;2;3;1;;"zu einer Wertetabelle einen passenden Text erstellen.";;
196;1707522966;2;3;1;;"Terme einer Wertetabelle zuordnen.";;
197;1707522966;2;4;1;;"Addition, Subtraktion und Multiplikation mit Brüchen an Modellen verstehen und nachvollziehen.";;
198;1707522966;2;4;1;;"gebrochene Zahlen multiplizieren.";;
199;1707522966;2;5;1;;"einfache Grössen (Längen, Hohlmasse, Gewichte) von einer Einheit in eine benachbarte umrechnen.";;
200;1707522966;2;5;1;;"mir unter den Flächenmassen Are, Hektare, Quadratkilometer geeignete Objekte des Alltags vorstellen.";;
201;1707522967;2;5;1;;"mir unter den Raummassen Liter und Kubikmeter Objekte des Alltags vorstellen.";;
202;1707522967;2;5;1;;"beispielhaft mit einigen fremden Masseinheiten Berechnungen durchführen.";;
203;1707522967;2;6;1;;"relative und absolute Zahlenangaben lesen und schreiben.";;
204;1707522967;2;6;1;;"mit relativen Zahlenangaben rechnen.";;
205;1707522967;2;6;1;;"den Grundwert (100 %) bestimmen.";;
206;1707522967;2;6;1;;"Prozentangaben in Sachsituationen richtig interpretieren und beurteilen.";;
207;1707522967;2;7;1;;"die x- und y-Achsen eines Koordinatensystems ausgehend von einer Situation sinnvoll beschriften.";;
208;1707522967;2;7;1;;"Graphen qualitativ deuten sowie funktionale Zusammenhänge mit Graphen darstellen.";;
209;1707522967;2;7;1;;"Wertetabellen in Graphen übertragen.";;
210;1707522967;2;8;1;;"meine Gedanken festhalten.";;
211;1707522967;2;8;1;;"mich auf ein Problem einlassen, auch wenn ich noch nicht weiss, wie es gelöst wird.";;
212;1707522967;2;8;1;;"mit Kolleginnen und Kollegen meine Erkenntnisse und meine Fragen austauschen.";;
213;1707522967;2;9;1;1;"die Bedeutung von «+» und «–» als Vorzeichen und als Operationszeichen erklären.";;
214;1707522967;2;9;1;;"positive und negative Zahlen am Zahlenstrahl einordnen.";;
215;1707522967;2;9;1;;"positive und negative Zahlen von positiven und negativen Zahlen addieren und subtrahieren.";;
216;1707522967;2;9;1;;"positive und negative Zahlen am Malkreuz multiplizieren.";;
217;1707522967;2;9;;1;"positive und negative Zahlen addieren und subtrahieren.";;
218;1707522967;2;9;;1;"positive und negative Zahlen multiplizieren und dividieren.";;
219;1707522967;2;9;;1;"Terme mit positiven und negativen Zahlen auswerten.";;
220;1707522967;2;9;;;"positive und negative Zahlen multiplizieren.";;1
221;1707522967;2;9;;;"positive und negative Zahlen dividieren.";;1
222;1707522967;2;9;;;"Terme mit positiven und negativen Zahlen auswerten.";;1
223;1707522967;2;9;;;"Terme mit allen vier Grundoperationen auswerten.";1;
224;1707522967;2;9;;;"Äquivalenz von Klammertermen erkennen.";1;
225;1707522967;2;9;;;"Gleichungen mit negativen Zahlen lösen.";1;
226;1707522967;2;10;1;1;"anhand einer Boxenanordnung erklären, warum die Äquivalenzumformungen gelten.";;
227;1707522967;2;10;1;;"zu Gleichungen weitere Gleichungen mit denselben Lösungen angeben.";;
228;1707522967;2;10;1;;"durch Umformen einfache Gleichungen in die Form × = … bringen.";;
229;1707522967;2;10;1;;"zu einer Situation passende Zahlenbeispiele nennen.";;
230;1707522967;2;10;;1;"zu einer Gleichung weitere äquivalente Gleichungen nennen.";;
231;1707522967;2;10;;1;"Gleichungen schrittweise umformen.";;
232;1707522967;2;10;;1;"Terme und Wertetabellen einem Text zuordnen und umgekehrt.";;
233;1707522967;2;10;;;"durch Umformen Gleichungen mit Klammern in die Form × = … bringen.";;1
234;1707522967;2;10;;;"Terme und Wertetabellen einem Text zuordnen und umgekehrt.";;1
235;1707522967;2;10;;;"unterschiedliche Terme zur gleichen Situation finden.";;1
236;1707522967;2;10;;;"anspruchsvollere lineare Gleichungen lösen.";1;
237;1707522967;2;10;;;"unterschiedliche Terme zur gleichen Situation finden.";1;
238;1707522967;2;10;;;"Situationen mithilfe von Termen, Wertetabellen und Gleichungen beschreiben.";1;
239;1707522967;2;10;;;"unlösbare und allgemeingültige Gleichungen angeben.";1;
240;1707522967;2;11;1;;"den Umkreis eines Dreiecks konstruieren.";;
241;1707522967;2;11;1;;"den Inkreis eines Dreiecks konstruieren.";;
242;1707522967;2;11;1;;"den Schwerpunkt eines Dreiecks konstruieren und kenne seine Bedeutung.";;
243;1707522967;2;11;1;;"Winkel in ebenen Figuren messen und berechnen.";;
244;1707522967;2;11;;1;"Mittelsenkrechten, Winkelhalbierende, Seitenhalbierende und Höhen in einem Dreieck konstruieren.";;
245;1707522967;2;11;;1;"den Umkreis, den Inkreis und den Schwerpunkt eines Dreiecks konstruieren.";;
246;1707522967;2;11;;1;"ein Dreieck mit drei gegebenen Seiten, mit zwei gegebenen Seiten und dem eingeschlossenen Winkel oder einer gegebenen Seite und zwei Winkeln konstruieren.";;
247;1707522967;2;11;;1;"Berechnungen am Trapez durchführen";;
248;1707522967;2;11;;;"ein Dreieck mit drei gegebenen Seiten, mit zwei gegebenen Seiten und dem eingeschlossenen Winkel oder einer gegebenen Seite und zwei Winkeln konstruieren.";;1
249;1707522967;2;11;;;"Berechnungen am Trapez durchführen.";;1
250;1707522967;2;11;;;"Trapeze bei Angabe der nötigen Winkel und Seitenlängen konstruieren.";;1
251;1707522968;2;11;;;"begründen, warum sich die Mittelsenkrechten, die Winkelhalbierenden, Seitenhalbierenden und Höhen in einem Dreieck jeweils in einem Punkt schneiden.";1;
252;1707522968;2;11;;;"ein Dreieck mit zwei gegebenen Seiten und dem der grösseren Seite gegenüberliegenden Winkel konstruieren.";1;
253;1707522968;2;11;;;"Trapeze bei Angabe der nötigen Winkel und Seitenlängen konstruieren.";1;
254;1707522968;2;12;1;1;"die Flächengleichheit der Summe von kleinen Quadraten und grossen Quadraten an einem «Pythagoras-Parkett» begründen.";;
255;1707522968;2;12;1;1;"den Satz des Pythagoras in rechtwinkligen Dreiecken erkennen.";;
256;1707522968;2;12;1;;"den Satz des Pythagoras zur Berechnung von Seitenlängen in rechtwinkligen Dreiecken anwenden.";;
257;1707522968;2;12;1;;"die Grösse einer Zahl x auf eine natürliche Zahl genau bestimmen, wenn x² bekannt ist.";;
258;1707522968;2;12;;1;"rechtwinklige Dreiecke in anderen Figuren erkennen und mithilfe des Satzes des Pythagoras fehlende Seiten mit ganzzahliger Genauigkeit berechnen.";;
259;1707522968;2;12;;1;"die Grösse einer Zahl x auf eine natürliche Zahl genau bestimmen, wenn x² bekannt ist.";;
260;1707522968;2;12;;;"anhand der Seitenlängen eines Dreiecks entscheiden, ob das Dreieck spitzwinklig, rechtwinklig oder stumpfwinklig ist.";1;1
261;1707522968;2;12;;;"rechtwinklige Dreiecke in anderen ebenen Figuren erkennen und mithilfe des Satzes des Pythagoras fehlende Seiten mit ganzzahliger Genauigkeit berechnen.";;1
262;1707522968;2;12;;;"einen Beweis des Satzes des Pythagoras durch Zerlegung von entsprechenden Quadraten nachvollziehen.";;1
263;1707522968;2;12;;;"den Satz des Pythagoras zur Berechnung von Strecklängen in einem Koordinatensystem verwenden.";1;
264;1707522968;2;12;;;"jemandem einen Beweis des Satzes des Pythagoras erklären.";1;
265;1707522968;2;13;1;1;"die Bedeutung der Quadratwurzel an Beispielen erklären.";;
266;1707522968;2;13;1;;"die Quadratwurzel von Quadratzahlen im Kopf berechnen.";;
267;1707522968;2;13;1;;"die Quadratwurzel von Zahlen näherungsweise bestimmen.";;
268;1707522968;2;13;1;;"in einem rechtwinkligen Dreieck die Länge der dritten Seite bei zwei gegebenen Seiten bestimmen.";;
269;1707522968;2;13;;1;"die Quadratwurzel von Zahlen im Kopf oder näherungsweise berechnen.";;
270;1707522968;2;13;;1;"in einem rechtwinkligen Dreieck die Länge der dritten Seite bei zwei gegebenen Seiten bestimmen.";;
271;1707522968;2;13;;1;"die Längen der Seiten und Raumdiagonalen in einem Quader bei gegebenen Seitenlängen bestimmen.";;
272;1707522968;2;13;;;"die Quadratwurzel von Zahlen mit einem Näherungsverfahren ungefähr bestimmen.";1;1
273;1707522968;2;13;;;"Rechenregeln mit Quadratwurzeln an Zahlenbeispielen nachweisen.";1;1
274;1707522968;2;13;;;"die Quadratwurzel von kleinen natürlichen Zahlen zeichnerisch bestimmen.";1;1
275;1707522968;2;13;;;"in einem Quader die Längen der Seiten und Raumdiagonalen bei gegebenen Seitenlängen bestimmen.";;1
276;1707522968;2;13;;;"das Quadrat und die Quadratwurzel einer Zahl aus dem Graphen einer quadratischen Funktion bestimmen.";1;
277;1707522968;2;14;1;1;"die Steigung als Bruch oder in Prozenten angeben.";;
278;1707522968;2;14;1;1;"die Steigung anhand von Keilen, Plänen oder Grössenangaben bestimmen.";;
279;1707522968;2;14;1;;"zu einer Steigung verschiedene Keile erstellen.";;
280;1707522968;2;14;1;;"den Unterschied zwischen durchschnittlicher und maximaler Steigung an einem Beispiel erklären.";;
281;1707522968;2;14;;1;"den Unterschied zwischen durchschnittlicher und maximaler Steigung an einem Beispiel erklären.";;
282;1707522968;2;14;;1;"bei einem Keil die fehlende Seitenlänge berechnen, wenn die Steigung und eine Seitenlänge bekannt sind.";;
283;1707522968;2;14;;;"bei einem Keil die fehlende Seitenlänge berechnen, wenn die Steigung und eine Seitenlänge bekannt sind.";;1
284;1707522968;2;14;;;"Steigungen bei Treppen, Leitern und anderen Geraten bestimmen.";;1
285;1707522968;2;14;;;"die Steigungen von Geraden in einem Koordinatensystem bestimmen.";;1
286;1707522968;2;14;;;"den Unterschied zwischen positiver und negativer Steigung erklären.";1;
287;1707522968;2;14;;;"die Steigungen und Gleichungen von Geraden in einem Koordinatensystem bestimmen.";1;
288;1707522969;2;14;;;"Geradengleichungen und Graph anhand von Wertetabellen erstellen.";1;
289;1707522969;2;15;1;1;"die mittlere Geschwindigkeit von Fahrzeugen experimentell und rechnerisch bestimmen.";;
290;1707522969;2;15;1;1;"mit zusammengesetzten Grössen rechnen.";;
291;1707522969;2;15;1;1;"Informationen zu Bewegungen aus der Wirklichkeit, Texten und Grafiken entnehmen und von einer Darstellungsform in die andere übertragen.";;
292;1707522969;2;15;1;;"die Dichte von verschiedenen Materialien experimentell und rechnerisch bestimmen.";;
293;1707522969;2;15;;1;"die Dichte von verschiedenen Materialien experimentell, rechnerisch und aus der Steigung einer Geraden bestimmen.";;
294;1707522969;2;15;;;"Aussagen beurteilen, die Zusammenhänge zwischen Grössen beschreiben.";1;1
295;1707522969;2;15;;;"aus der Steigung einer Geraden, die das Verhältnis zwischen Gewicht (Masse) und Volumen eines Materials darstellt, auf die Dichte dieses Materials schliessen.";;1
296;1707522969;2;15;;;"Anhalteweg und Benzinverbrauch mittels Grafiken und Formeln bestimmen und berechnen.";1;
297;1707522969;2;16;1;1;"Terme mit Zehnerpotenzen vergleichen und einfache Zahlenterme mit Zehnerpotenzen auswerten.";;
298;1707522969;2;16;1;;"die verschiedenen Schreibweisen von Zehnerpotenzen mit positiven und negativen Exponenten verstehen und die Zahlen im Zahlenraum einordnen.";;
299;1707522969;2;16;;1;"Zahlen in Ziffern- und Potenz- sowie in wissenschaftlicher Schreibweise schreiben, lesen und ordnen.";;
300;1707522969;2;16;;1;"Zehnerpotenzen in verschiedenen Zusammenhängen verwenden und mit ihnen rechnen.";;
301;1707522969;2;16;;1;"Produkte, Quotienten und Potenzen von Zehnerpotenzen berechnen.";;
302;1707522969;2;16;;;"die Bedeutung grosser und ganz kleiner Zahlen in Sachkontexten sehen und entsprechende Berechnungen durchführen.";1;1
303;1707522969;2;16;;;"mit Zahlen in wissenschaftlicher Schreibweise rechnen.";;1
304;1707522969;2;16;;;"Zehnerpotenzen in verschiedenen Zusammenhängen verwenden und mit ihnen rechnen.";;1
305;1707522969;2;16;;;"einfache Grundoperationen mit grossen und kleinen Zahlen sowie Zahlen in wissenschaftlicher Schreibweise durchführen.";;1
306;1707522969;2;16;;;"Zahlen in wissenschaftlicher Schreibweise schreiben und lesen.";;1
307;1707522969;2;16;;;"Buchstaben- und Zahlenterme (Produkte, Quotienten und Potenzen) mit Zehnerpotenzen umformen und vereinfachen.";1;
308;1707522969;2;17;1;1;"die Oberfläche und das Volumen eines Zylinders berechnen.";;
309;1707522969;2;17;1;;"jemandem die Zahl p als Verhältniszahl erklären.";;
310;1707522969;2;17;1;;"den Wert der Zahl p auf zwei Stellen nach dem Komma angeben.";;
311;1707522969;2;17;1;;"den Umfang und die Fläche eines Kreises bei gegebenem Radius oder Durchmesser berechnen.";;
312;1707522969;2;17;;1;"jemandem die Zahl p als Verhältniszahl erklären und auf zwei Stellen nach dem Komma angeben.";;
313;1707522969;2;17;;1;"den Umfang und die Fläche eines Kreises bei gegebenem Radius oder Durchmesser berechnen und umgekehrt.";;
314;1707522969;2;17;;1;"Flächen von Kreissektoren als Bruchteil oder in Prozenten eines ganzen Kreises abschätzen.";;
315;1707522969;2;17;;;"Längen von Linien, die aus Kreisteilen zusammengesetzt sind, berechnen.";1;1
316;1707522969;2;17;;;"Teilflächen eines Kreises als Bruchteil oder in Prozenten eines ganzen Kreises abschätzen.";;1
317;1707522969;2;17;;;"die Fläche eines Kreissektors bei gegebenem Radius und Zentriwinkel berechnen.";;1
318;1707522969;2;17;;;"Flächen von Kreisteilen und Kreisringen berechnen.";1;
319;1707522969;2;17;;;"Umfang- und Flächenformel von Kreisen begründen.";1;
320;1707522969;2;18;1;;"zweistellige Faktoren mithilfe des Malkreuzes ausmultiplizieren.";;
321;1707522969;2;18;1;;"zusammengesetzte rechtwinklige Flächen mit Zahlen und mit Variablen beschreiben.";;
322;1707522969;2;18;;1;"Produktterme ausmultiplizieren und wo möglich Summenterme ausklammern (faktorisieren).";;
323;1707522969;2;18;;1;"das Ausklammern an geometrischen Objekten anwenden.";;
324;1707522969;2;18;;1;"die binomischen Formeln in Form des Summenterms und in Form des Produktterms erkennen.";;
325;1707522969;2;18;;;"die binomischen Formeln anhand einer Skizze verdeutlichen.";;1
326;1707522970;2;18;;;"Rechenvorteile durch Zahlenzerlegungen nutzen.";;1
327;1707522970;2;18;;;"entscheiden, ob sich ein Term faktorisieren lässt.";1;
328;1707522970;2;18;;;"die drei Formen des Faktorisierens nennen und sie anwenden.";1;
329;1707522970;2;18;;;"Terme wo möglich als Summen und als Produkte nennen.";1;
330;1707522970;2;18;;;"Terme durch Ausprobieren und Überlegen faktorisieren.";1;
331;1707522970;2;18;;;"Summenterme durch Ausklammern oder mithilfe der binomischen Formeln faktorisieren.";1;
332;1707522970;2;19;1;1;"bestimmen, ob sich das Volumen eines Körpers mit der Formel «Grundfläche · Höhe» berechnen lässt.";;
333;1707522970;2;19;1;1;"einfache gerade Prismen und Zylinder herstellen und als Schrägbild skizzieren.";;
334;1707522970;2;19;1;1;"das Volumen und die Oberfläche von (geraden) Prismen und Zylindern berechnen.";;
335;1707522970;2;19;;1;"in einigen Fällen Buchstabenterme zu Volumen und Oberfläche von geraden Köpern finden.";;
336;1707522970;2;19;;;"das Volumen mit der Formel V = G · h und die Oberfläche von geraden und schiefen Körpern berechnen.";1;1
337;1707522970;2;19;;;"Buchstabenterme zu Volumen und Oberfläche von geraden Körpern finden.";;1
338;1707522970;2;19;;;"Netze und Schnittflächen von Körpern zeichnen.";;1
339;1707522970;2;19;;;"Buchstabenterme zu Volumen und Oberfläche von beliebigen geraden Körpern finden.";1;
340;1707522970;2;19;;;"aufgrund eines Buchstabenterms zum Volumen entsprechende Körper skizzieren.";1;
341;1707522970;2;19;;;"Schnittflächen von Körpern zeichnen.";1;
342;1707522970;2;20;1;1;"die dritte der drei Grössen «Kapital – Zinssatz – Jahreszins» berechnen, wenn zwei davon gegeben sind.";;
343;1707522970;2;20;1;1;"Preise bei gegebenen Rabatten und umgekehrt berechnen.";;
344;1707522970;2;20;1;;"absolute und relative Zu- oder Abnahmen berechnen.";;
345;1707522970;2;20;1;;"absolute und relative Gewinne oder Verluste berechnen.";;
346;1707522970;2;20;;1;"absolute und relative Zu- oder Abnahmen berechnen und allgemein beschreiben.";;
347;1707522970;2;20;;1;"absolute und relative Gewinne oder Verluste berechnen und allgemein beschreiben.";;
348;1707523815;2;20;;;"neues Kapital bei gegebenem Anfangskapital und Zinssatz berechnen.";;1
349;1707522970;2;20;;;"Formeln für die Berechnung des Zinses, Zinsfusses und Anfangskapitals finden und gebrauchen.";;1
350;1707522970;2;20;;;"Beziehungen zwischen Kapital und Zins bei gegebenem Zinsfuss grafisch darstellen.";;1
351;1707522970;2;20;;;"die dritte der drei Grössen «altes Kapital – Zinssatz – neues Kapital» berechnen, wenn zwei davon gegeben sind.";1;
352;1707522970;2;20;;;"Formeln für die Berechnung des Zinses, Zinssatzes, Anfangs- und Endkapitals finden und gebrauchen.";1;
353;1707522970;2;20;;;"Beziehungen zwischen Kapital und Zins sowie altem und neuem Kapital bei gegebenem Zinssatz grafisch darstellen.";1;
354;1707522970;2;21;1;1;"die Anzahl Möglichkeiten bei kombinatorischen Problemen bestimmen.";;
355;1707522970;2;21;1;1;"die Wahrscheinlichkeit als Verhältnis ausdrücken.";;
356;1707522970;2;21;1;1;"Wahrscheinlichkeiten in einfachen Fällen bestimmen.";;
357;1707522970;2;21;;1;"Wahrscheinlichkeiten bei zweistufigen Versuchen bestimmen.";;
358;1707522970;2;21;;;"kombinatorische Erkenntnisse bei kleinen Anzahlen auf grössere Anzahlen übertragen.";1;1
359;1707522970;2;21;;;"Wahrscheinlichkeiten in einfachen, mehrstufigen Fällen bestimmen.";;1
360;1707522970;2;21;;;"die Anzahl Permutationen von bis zu vier Elementen bestimmen.";;1
361;1707522970;2;22;;;"den Zusammenhang zwischen Peripheriewinkel und Zentriwinkel erklären.";1;1
362;1707522970;2;22;;;"die Eigenschaft des Thaleskreises erklären.";;1
363;1707522970;2;22;;;"die Tangenten an einen Kreis konstruieren.";;1
364;1707522970;2;22;;;"Wahrscheinlichkeiten bei einfachen Glücksspielen schätzen.";1;
365;1707522970;2;22;;;"die Anzahl Permutationen von n Elementen (n = 6) bestimmen.";1;
366;1707522970;2;22;;;"die Eigenschaft des Thaleskreises begründen.";1;
367;1707522970;2;22;;;"die Tangenten an einen oder zwei Kreisen konstruieren.";1;
368;1707522970;2;22;;;"Sehnen- und Tangentenvierecke unter den Vierecksarten erkennen.";1;
369;1707522970;2;23;;;"Lösungswege verstehen, nachvollziehen und vergleichen.";1;1
370;1707522970;2;23;;;"geometrische Probleme durch Probieren und durch Umkehrüberlegungen rechnerisch lösen.";1;1
371;1707522970;2;23;;;"geometrische Probleme algebraisch formulieren und mithilfe von Gleichungen lösen.";1;1
372;1707522970;2;24;;;"Anzahlen strukturiert auszählen.";1;1
373;1707522970;2;24;;;"Auszählmethoden visuell darstellen und in Terme übersetzen.";1;1
374;1707522970;2;24;;;"die Gleichwertigkeit verschiedener Terme durch Umformen aufzeigen.";1;1
375;1707522970;2;25;;;"Algorithmen zur Bildung von magischen Quadraten nachvollziehen und beschreiben.";1;1
376;1707522971;2;25;;;"magische Quadrate systematisch verändern und Veränderungen algebraisch beschreiben.";1;1
377;1707522971;2;25;;;"Strukturen untersuchen, beschreiben und begründen.";1;1
378;1707522971;2;26;;;"aus Texten und Grafiken Informationen entnehmen, diese interpretieren und damit Berechnungen durchführen.";1;1
379;1707522971;2;26;;;"durchschnittliche Geschwindigkeiten berechnen.";1;1
380;1707522971;2;26;;;"Geschwindigkeiten in geeigneten Masseinheiten angeben.";1;1
381;1707522971;2;27;;;"Marchzinsen berechnen.";1;1
382;1707522971;2;27;;;"Jahreszinsen berechnen bei wechselnden Zinssätzen.";1;1
383;1707522971;2;27;;;"ein einfaches Konto (Jugendsparkonto) führen.";1;1
384;1707522971;2;28;;;"Zahlen und Ergebnisse in einer sinnvollen Genauigkeit angeben.";1;1
385;1707522971;2;28;;;"Zahlenangaben beurteilen (Vertrauenswürdigkeit, Genauigkeit, Herkunft, mögliche Schlussfolgerungen).";1;1
386;1707522971;2;28;;;"zu Informationen mittels Überschlagsrechnung Zahlen/Werte gewinnen.";1;1
387;1707522971;2;29;;;"Koordinaten zu Punkten im Raum angeben.";1;1
388;1707522971;2;29;;;"mir Koordinaten im Raum vorstellen und Positionen im Raum mit Koordinaten beschreiben.";1;1
389;1707522971;2;29;;;"den Abstand zwischen zwei Koordinaten berechnen.";1;1
390;1707522971;2;30;;;"den Wochentag meines Geburtstags in jedem Jahr meines bisherigen Lebens bestimmen.";1;1
391;1707522971;2;30;;;"entscheiden, ob eine Zahl durch 2, 3, 4, 5 oder 6 teilbar ist.";;1
392;1707522971;2;30;;;"bestimmen, welchen Rest eine natürliche Zahl bei einer Division durch 3, 4, 5, 6, 8 und 9 hat.";;1
393;1707522971;2;30;;;"entscheiden, ob eine Zahl durch 2, 3, 4, 5, 6, 8, 9 oder 11 teilbar ist.";1;
394;1707522971;2;30;;;"bestimmen, welchen Rest eine natürliche Zahl bei einer Division durch 3, 4, 5, 6, 8, 9 und 11 hat.";1;
395;1707522971;2;30;;;"entscheiden, ob eine Zahl durch 12, 15, 18 oder 25 teilbar ist.";1;
396;1707522971;2;31;;;"Wahrscheinlichkeiten schätzen.";1;1
397;1707522971;2;31;;;"Wahrscheinlichkeiten mit Hilfe von relativen Häufigkeiten bei einer grossen Anzahl von Versuchen bestimmen.";1;1
398;1707522971;2;31;;;"Wahrscheinlichkeiten von mehrstufigen Experimenten mit Hilfe von Baumdiagramm und Pfadregeln bestimmen.";1;1
399;1707522971;2;32;;;"Bruchterme veranschaulichen, z. B. als Anteile einer Fläche.";1;1
400;1707522971;2;32;;;"Bruchterme auswerten.";1;1
401;1707522971;2;32;;;"Bruchterme addieren und subtrahieren.";1;1
402;1707522971;2;32;;;"Bruchterme multiplizieren und dividieren.";1;1
403;1707522971;3;1;1;;"Informationen aus Texten, Tabellen und grafischen Darstellungen entnehmen und damit Berechnungen und Vergleiche durchführen.";;
404;1707522971;3;1;1;;"Graphen interpretieren und die Abhängigkeit zweier Grössen beschreiben.";;
405;1707522971;3;1;1;;"Graphen zeichnen und anhand dieser Graphen Aussagen beurteilen.";;
406;1707522971;3;2;1;;"die vier Grundoperationen auch mit Dezimalbrüchen und Grössen sicher und geläufig durchführen.";;
407;1707522971;3;2;1;;"den Wert von Zahlentermen berechnen und dabei Rechengesetze berücksichtigen.";;
408;1707522971;3;2;1;;"einfache Gleichungen lösen.";;
409;1707522971;3;3;1;;"Diagramme lesen und zeichen.";;
410;1707522971;3;3;1;;"Wertetabellen lesen und auf Zusammenhänge hin untersuchen.";;
411;1707522971;3;3;1;;"mit den Daten Berechnungen durchführen.";;
412;1707522971;3;3;1;;"die Bedeutung von gewichteten Anteilen an einer Gesamtgrösse erkennen.";;
413;1707522971;3;3;1;;"die Entwicklung eines Indexes verstehen.";;
414;1707522971;3;4;1;;"ebene Figuren zeichnen und ihren Flächeninhalt durch messen und Berechnen bestimmen.";;
415;1707522971;3;4;1;;"Formeln für die Berechnung von Flächeninhalt und Umfang bei den einfachen ebenen Figuren angeben und anwenden.";;
416;1707522971;3;4;1;;"Formeln für die Berechnung von Oberfläche und Volumen bei Quadern und Zylindern angeben und anwenden.";;
417;1707522972;3;5;1;;"mir Einheitsgrössen für Flächen- und Rauminhalte vorstellen.";;
418;1707522972;3;5;1;;"Flächen und Rauminhalte von einer Einheit in die benachbarte umrechnen.";;
419;1707522972;3;5;1;;"von einem Material mit bekannter Dichte und bekannter Masse das Volumen bestimmen und umgekehrt.";;
420;1707522972;3;5;1;;"Tabellen und Graphen interpretieren und damit Berechnungen anstellen.";;
421;1707522972;3;6;1;;"Kartenangaben in Tabellen und Profile übersetzen.";;
422;1707522972;3;6;1;;"Steigungen und wahre Distanzen berechnen.";;
423;1707522972;3;6;1;;"bei Berechnungen und Darstellungen den Massstab von Karten einbeziehen.";;
424;1707522972;3;7;1;;"mit ausgewählten Beispielen argumentieren.";;
425;1707522972;3;7;1;;"Aussagen mit Skizzen illustrieren.";;
426;1707522972;3;7;1;;"Existenz-Behauptungen mit einem Beispiel widerlegen.";;
427;1707522972;3;8;1;;"an Beispielen erklären, dass das Volumen einer mit dem Streckfaktor k vergrösserten oder verkleinerten Figur mit dem Faktor k³ vergrössert oder verkleinert wird.";;1
428;1707522972;3;8;1;;"anhand der Seitenlänge zweier Dreiecke entscheiden, ob sie ähnlich sind oder nicht.";;1
429;1707522972;3;8;1;;"Längen, Flächen, Winkel und Volumen einer Figur bei bekannten Streckfaktor berechnen.";;1
430;1707522972;3;8;1;;"erklären, warum die Papierformate A0 bis A6 zueinander ähnlich sind.";;1
431;1707522972;3;8;1;;"jemanden den Unterschied zwischen kongruenten und ahnlichen Figuren erklären.";;
432;1707522972;3;8;1;;"eine Figur von einem Punkt aus mit einem Streckfaktor vergrössern oder verkleinern.";;
433;1707522972;3;8;1;;"durch Messen der Seitenlänge zweier ähnlicher Figuren den Streckfaktor bestimmen.";;
434;1707522972;3;8;1;;"an Beispielen erklären, dass die Fläche einer mit dem Streckfaktor k vergrösserten oder verkleinerten Figur mit dem Faktor k² vergrössert oder verkleinert wird.";;
435;1707524272;3;9;1;;"verschiedene Informationen in grafischen Darstellungen kombinieren.";;1
436;1707522972;3;9;1;;"Berechnungen durchführen, die sich auf mehrere Darstellungen und Grafiken stützen.";;1
437;1707522972;3;9;1;;"Angaben in Texten, Statistiken und Grafiken auswählen, gewichten und weiterverarbeiten.";;1
438;1707522972;3;9;1;;"Bevölkerungspyramiden interpretieren und vergleichen.";;
439;1707522972;3;9;1;;"Statistiken, grafische Darstellungen und Texte zur Demografie lesen und interpretieren.";;
440;1707522972;3;9;1;;"datengestützte Berechnungen ausführen.";;
441;1707522972;3;9;1;;"statistische Angaben mit Grafiken darstellen.";;
442;1707522972;3;10;1;;"die Höhe der Pyramide berechnen.";;1
443;1707522972;3;10;1;;"unterschiedliche Pyramiden und Prismen, die einen Bruchteil eines Würfels ausmachen, im Würfel einzeichnen.";;1
444;1707524454;3;10;1;;"das Netz einer quadratischen Pyramide zeichnen, wenn die Grundfläche und die Körperhöhe gegeben sind.";;1
445;1707522972;3;10;1;;"den Unterschied von Pyramiden Prismen beschreiben.";;
446;1707522972;3;10;1;;"in Netzen eine mögliche Grundfläche und den entsprechenden Mantel einzeichnen.";;
447;1707522972;3;10;1;;"anhand von Zahlenwerten oder mithilfe eines Netzes das Volumen eines Prismas berechnen.";;
448;1707522972;3;10;1;;"das Volumen von Pyramiden berechnen, wenn die Körperhöhe und die Grundfläche gegeben sind.";;
449;1707522972;3;11;1;;"Funktionsgleichungen aufstellen für die Gesamtkosten oder Stückpreise.";;1
450;1707522972;3;11;1;;"mithilfe von Funktionsgleichungen passende x bestimmen.";;1
451;1707522973;3;11;1;;"Funktionsgleichungen veränderten Bedingungen anpassen.";;1
452;1707522973;3;11;1;;"Situationen einer Wertetabelle, einem Graphen oder einem Term zuordnen und umgekehrt.";;
453;1707522973;3;11;1;;"Graphen einem Term zuordnen und umgekehrt.";;
454;1707522973;3;11;1;;"die Gesamtkosten und die Kosten für eine Person oder ein Stück tabellarisch darstellen und berechnen.";;
455;1707522973;3;11;1;;"einfache Terme finden und abschätzen, wie sich y ändert, wenn x grösser oder kleiner wird.";;
456;1707522973;3;12;1;;"jemanden das 3-Säulenprinzip der Vorsorge erklären.";;1
457;1707522973;3;12;1;;"die Daten einer Tabelle grafisch darstellen.";;1
458;1707522973;3;12;1;;"aus Preisen inkl. Mehrwertsteuern die Steuern berechnen.";;1
459;1707522973;3;12;1;;"jemandem den Unterschied zwischen Nettolohn und Bruttolohn erklären.";;
460;1707522973;3;12;1;;"an Beispielen die prozentualen Lohnanteile von Sozialabzügen berechnen.";;
461;1707522973;3;12;1;;"Zinsen und Endkapital bei gegebenem Anfangskapital und Zinsfuss berechnen.";;
462;1707522973;3;12;1;;"Daten in einer Tabelle interpretieren.";;
463;1707522973;3;13;1;;"Tabellenkalkulation als Hilfsmittel für Berechnungen einsetzen.";;1
464;1707522973;3;13;1;;"Budgetberechnungen verstehen und durchführen.";;1
465;1707522973;3;13;1;;"Kostenberechnungen bei Kredit- und Leasinggeschäften verstehen und durchführen.";;
466;1707522973;3;13;1;;"finanzielle Auswirkungen von Kreditgeschäften auf ein gegebenes Budget beurteilen.";;
467;1707522973;3;14;1;;"die Anzahl Möglichkeiten berechnen, wenn aus einer bestimmten Anzahl Zahlen eine, zwei, drei oder mehr Zahlen gezogen werden und meine Berechnungen begründen.";;1
468;1707522973;3;14;1;;"statistische Angaben zu Ziehungen erläutern und dazu Berechnungen anstellen.";;1
469;1707522973;3;14;1;;"Wettgewinne entsprechend der Gewinnwahrscheinlichkeiten einschätzen.";;1
470;1707522973;3;14;1;;"die Ergebnisse von Simulationen mit Erwartungswerten vergleichen.";;1
471;1707522973;3;14;1;;"Einfache Wahrscheinlichkeiten beim Roulettespiel berechnen.";;
472;1707522973;3;14;1;;"Gewinn und Verlust beim Roulette berechnen.";;
473;1707522973;3;14;1;;"Simulationen zu Zahlenlotto und Roulette durchführen und auswerten.";;
474;1707522973;3;15;1;;"anhand von mir bekannten Objekten im Plan den Massstab bestimmen.";;1
475;1707522973;3;15;1;;"vielschrittige Berechnungen durchführen und nachvollziehbar dokumentieren.";;1
476;1707522973;3;15;1;;"den Zusammenhang erfassen zwischen der Angabe von Steigung in Grad und in Prozent.";;1
477;1707522973;3;15;1;;"Pläne lesen und mir entsprechende Objekte vorstellen.";;
478;1707522973;3;15;1;;"anhand Massstabangabe im Plan die reale Grösse bestimmen.";;
479;1707522973;3;15;1;;"durch Messen im Plan die Steigung in Prozent bestimmen und den Neigungswinkel messen.";;
480;1707522973;3;15;1;;"Flächen und Volumen berechnen.";;
481;1707522973;3;16;1;;"Gemeinsamkeiten und Unterschiede von Prisma, Zylinder, Pyramide und Kegel beschrieben.";;1
482;1707522973;3;16;1;;"die Formel von Kegel- und Kugelvolumen verstehen.";;1
483;1707522973;3;16;1;;"Umkehrüberlegungen zur Berechnung von Zylinder und Kegel durchführen.";;1
484;1707522973;3;16;1;;"die Kugeloberfläche experimentell bestimmen und die Erkenntnisse anwenden.";;1
485;1707522973;3;16;1;;"unterschiedliche Lösungswege und Formeln verstehen.";;1
486;1707522973;3;17;1;;"Figuren im Koordinatensystem mithilfe der Koordinaten beschreiben.";;1
487;1707522973;3;17;1;;"Spiegelachsen erkennen und Punkte durch Drehungen zur Deckung bringen.";;1
488;1707522973;3;17;1;;"Figuren strecken und Streckzentren erkennen.";;1
489;1707522973;3;18;1;;"Informationen aus Texten und Tabellen entnehmen, interpretieren und verarbeiten.";;1
490;1707522973;3;18;1;;"Berechnungen zur direkten Proportionalität durchführen.";;1
491;1707522973;3;18;1;;"mir Grössen vorstellen und mit Grössen in angemessener Genauigkeit rechnen.";;1
492;1707522973;3;19;1;;"relative und absolute Fehler berechnen.";;1
493;1707522973;3;19;1;;"Zahlen in einer sinnvollen Genauigkeit angeben.";;1
494;1707522973;3;19;1;;"Doppelrechnungen durchführen.";;1
495;1707522973;3;20;1;;"zu Figurenfolgen eine entsprechende Wertetabelle erstellen.";;
496;1707522973;3;20;1;;"zu einer Wertetabelle verschiedene Figurenfolgen angeben.";;
497;1707522973;3;20;1;;"eine Figurenfolge mit einem Term oder mehreren Termen beschreiben.";;
498;1707522973;3;21;1;;"Informationen aus Texten, Tabellen und Grafiken entnehmen, interpretieren verarbeiten.";;
499;1707522973;3;21;1;;"Berechnungen zur direkten Proportionalität durchführen.";;
500;1707522973;3;21;1;;"mir Grössen vorstellen und mit Grössen in angemessener Genauigkeit rechnen.";;
501;1707522974;3;22;1;;"exponentielles Wachstum als explosionsartigen Prozess erkennen.";;
502;1707522974;3;22;1;;"exponentielles Wachstum mithilfe von Potenzen beschreiben.";;
503;1707522974;3;22;1;;"Kapital inkl. Zinseszinsen nach n Jahren berechnen.";;
504;1707522974;3;22;1;;"jemandem an einem Beispiel exponentiellen Zerfall erklären.";;
505;1707522974;3;23;1;;"Beziehungen zwischen Produkten erkennen und visualisieren.";;
506;1707522974;3;23;1;;"die Verwandtschaft zwischen Zahlentermen algebraisch darstellen.";;
507;1707522974;3;23;1;;"Zahlenstrukturen beschreiben und begründen.";;
508;1707522974;3_plus;1;;1;"Informationen aus Texten, Tabellen und grafischen Darstellungen entnehmen und damit Berechnungen und Vergleiche durchführen.";;
509;1707522974;3_plus;1;;1;"Graphen interpretieren und die Abhängigkeit zweier Grössen beschreiben.";;
510;1707522974;3_plus;1;;1;"Graphen zeichnen und anhand dieser Graphen Aussagen beurteilen.";;
511;1707522974;3_plus;2;;1;"die vier Grundoperationen mit gebrochenen Zahlen und Grössen sicher und geläufig durchführen.";;
512;1707522974;3_plus;2;;1;"den Wert von Zahlentermen berechnen und dabei Rechengesetze berücksichtigen.";;
513;1707522974;3_plus;2;;1;"einfache Gleichungen lösen.";;
514;1707522974;3_plus;2;;1;"einfache Rechnungen mit Potenzen und Wurzeln lösen.";;
515;1707522974;3_plus;3;;1;"Diagramme lesen und zeichnen.";;
516;1707522974;3_plus;3;;1;"Wertetabellen lesen und auf Zusammenhänge hin untersuchen.";;
517;1707522974;3_plus;3;;1;"mit den Daten Berechnungen durchführen.";;
518;1707522974;3_plus;3;;1;"die Bedeutung von gewichteten Anteilen an einer Gesamtgrösse erkennen.";;
519;1707522974;3_plus;3;;1;"die Entwicklung eines Indexes verstehen.";;
520;1707522974;3_plus;4;;1;"ebene Figuren zeichnen und ihren Flächeninhalt und Umfang durch Messen und Berechnungen bestimmen.";;
521;1707522974;3_plus;4;;1;"Formeln für die Berechnung von Flächeninhalten, Oberflächen und Volumen bei Prismen und Zylindern angeben und anwenden.";;
522;1707522974;3_plus;4;;1;"Formeln nach gesuchten Grössen umformen.";;
523;1707522974;3_plus;4;;1;"Punkte im Koordinatensystem benennen.";;
524;1707522974;3_plus;5;;1;"mit Einheitsgrössen für Flächen- und Rauminhalte vorstellen.";;
525;1707522974;3_plus;5;;1;"Flächen und Rauminhalte von einer Einheit in die benachbarte umrechnen.";;
526;1707522974;3_plus;5;;1;"von einem Material mit bekannter Dichte und bekannter Masse das Volumen bestimmen und umgekehrt.";;
527;1707522974;3_plus;5;;1;"Tabellen und Graphen interpretieren und damit Berechnungen anstellen.";;
528;1707522974;3_plus;6;;1;"zu Figurenfolgen eine entsprechende Wertetabelle erstellen.";;
529;1707522974;3_plus;6;;1;"zu einer Wertetabelle verschiedene Figurenfolgen angeben.";;
530;1707522974;3_plus;6;;1;"eine Figurenfolge mit einem Term oder mehreren Termen beschreiben.";;
531;1707522974;3_plus;6;;1;"durch Umformungen zeigen, dass zwei Terme gleichwertig sind.";;
532;1707522974;3_plus;7;;1;"Kartenangaben in Tabellen und Profile übersetzen.";;
533;1707522974;3_plus;7;;1;"Steigungen und wahre Distanzen berechnen.";;
534;1707522974;3_plus;7;;1;"bei Berechnungen und Darstellungen den Massstab von Karten einbeziehen..";;
535;1707522974;3_plus;8;;1;"mit ausgewählten Beispielen argumentieren.";;
536;1707522974;3_plus;8;;1;"Existenz-Behauptungen mit einem Beispiel beweisen.";;
537;1707522974;3_plus;8;;1;"All-Behauptungen mit einem Beispiel widerlegen.";;
538;1707522974;3_plus;9;;1;"eine Figur von einem Punkt aus auch mit einem negativen Streckfaktor vergrössern oder verkleinern.";1;
539;1707522974;3_plus;9;;1;"anhand der Seitenlänge zweier Dreiecke entscheiden, ob sie ähnlich sind oder nicht.";1;
540;1707522974;3_plus;9;;1;"Längen, Flächen, Winkel und Volumen einer zu einer gegebenen Figur ähnlichen Figur bei bekanntem Streckfaktor berechnen.";1;
541;1707522974;3_plus;9;;1;"begründen, warum die Papierformate A0 bis A6 zueinander ähnlich sind.";1;
542;1707522974;3_plus;9;;1;"jemandem den Unterschied zwischen kongruenten und ähnlichen Figuren erklären.";;
543;1707522974;3_plus;9;;1;"eine Figur von einem Punkt aus mit einem Streckfaktor vergrössern oder verkleinern.";;
544;1707522974;3_plus;9;;1;"an Beispielen erklären, dass die Fläche einer mit dem Streckfaktor k vergrösserten oder verkleinerten Figur mit dem Faktor k² vergrössert oder verkleinert wird.";;
545;1707522974;3_plus;9;;1;"an Beispielen erklären, dass das Volumen einer mit dem Streckfaktor k  vergrösserten oder verkleinerten Figur mit dem Faktor k³ vergrössert oder verkleinert wird.";;
546;1707522974;3_plus;10;;1;"Verschiedene Informationen in grafischen Darstellungen kombinieren.";1;
547;1707522974;3_plus;10;;1;"Berechnungen durchführen, die sich auf mehrere Darstellungen und Grafiken stützen.";1;
548;1707522974;3_plus;10;;1;"Angaben in Texten, Statistiken und Grafiken auswählen, gewichten und weiterverarbeiten.";1;
549;1707522974;3_plus;10;;1;"Bevölkerungspyramiden interpretieren und vergleichen.";;
550;1707522974;3_plus;10;;1;"Statistiken, grafische Darstellungen und Texte zur Demografie lesen und interpretieren.";;
551;1707522975;3_plus;10;;1;"datengestützte Berechnungen ausführen.";;
552;1707522975;3_plus;10;;1;"statistische Angaben mit Grafiken darstellen.";;
553;1707522975;3_plus;11;;1;"Bruchgleichungen durch geschicktes Umformen lösen.";1;
554;1707522975;3_plus;11;;1;"Gleichungen mit Formvariablen lösen.";1;
555;1707522975;3_plus;11;;1;"Zahlenrätsel in Gleichungen übersetzen und lösen.";1;
556;1707522975;3_plus;11;;1;"einfache Gleichungen mit Wurzeln und Quadraten lösen.";1;
557;1707522975;3_plus;11;;1;"Ungleichungen lösen.";1;
558;1707522975;3_plus;11;;1;"einfache Gleichungen im Kopf lösen.";;
559;1707522975;3_plus;11;;1;"lineare Gleichungen durch geschicktes Umformen lösen.";;
560;1707522975;3_plus;11;;1;"Gleichungen mit gebrochenen Termen durch geschicktes Umformen lösen.";;
561;1707522975;3_plus;11;;1;"allgemeingültige, lösbare und unlösbare Gleichungen erkennen.";;
562;1707522975;3_plus;12;;1;"Geraden an Achsen spiegeln und Beziehungen der beiden Gleichungen erkennen.";1;
563;1707522975;3_plus;12;;1;"Geraden parallel verschieben und Beziehungen der beiden Gleichungen erkennen.";1;
564;1707522975;3_plus;12;;1;"den linearen Zusammenhang zwischen zwei Temperaturskalen durch eine Gleichung beschreiben.";1;
565;1707522975;3_plus;12;;1;"bei der allgemeinen Form der Geradengleichung y=ax+b die Bedeutung der Variablen erklären.";1;
566;1707522975;3_plus;12;;1;"in einer realen Situation lineare Zusammenhänge erkennen und sie in Worten beschreiben.";;
567;1707522975;3_plus;12;;1;"Beziehungen zwischen einer linearen Gleichung, ihrem Graphen und der Wertetabelle erkennen und umgekehrt.";;
568;1707522975;3_plus;12;;1;"bestimmen, ob ein Punkt auf einer Geraden liegt oder nicht.";;
569;1707522975;3_plus;12;;1;"die Gleichungen einer Geraden bestimmen, wenn die Koordinaten von zwei Punkten gegeben sind.";;
570;1707522975;3_plus;13;;1;"Umformungen mit Wurzeltermen allgemein durchführen.";1;
571;1707522975;3_plus;13;;1;"Eigenschaften der verschiedenen Zahlmengen beschreiben.";1;
572;1707522975;3_plus;13;;1;"komplexe geometrische Fragestellungen u. a. mithilfe des Satzes des Pythagoras lösen.";1;
573;1707522975;3_plus;13;;1;"Potenzgesetze herleiten und anwenden.";1;
574;1707522975;3_plus;13;;1;"die Unterschiede zwischen rationalen und irrationalen Zahlen benennen und zu den Zahlmengen Beispiele angeben.";;
575;1707522975;3_plus;13;;1;"mit reellen Zahlen operieren mithilfe des Rechners.";;
576;1707522975;3_plus;13;;1;"einfache Operationen mit Wurzeltermen durchführen sowie Umformungen von Wurzeltermen durch Einsetzen von Zahlbeispielen überprüfen.";;
577;1707522975;3_plus;13;;1;"Flächen und Strecken u. a. mithilfe des Satzes des Pythagoras berechnen.";;
578;1707522975;3_plus;14;;1;"Berechnungen an Pyramiden- und Kegelstümpfen durchführen.";1;
579;1707522975;3_plus;14;;1;"Optimierungsaufgaben an Pyramiden und Kegel bearbeiten und lösen.";1;
580;1707522975;3_plus;14;;1;"aufgrund weniger Angaben zu einem Kegel oder einer Pyramide die fehlenden Grössen berechnen.";1;
581;1707522975;3_plus;14;;1;"Körper zerlegen und zusammensetzen sowie Zerlegungen zum Berechnen nutzen.";1;
582;1707522975;3_plus;14;;1;"verschiedene Pyramiden in Würfel einzeichnen und deren Volumen berechnen.";;
583;1707522975;3_plus;14;;1;"zeigen, weshalb das Volumen einer rechteckigen Pyramide 1/3 so gross ist wie dasjenige des Quaders mit gleicher Grundfläche und gleicher Höhe.";;
584;1707522975;3_plus;14;;1;"die Begriffe Mantelfläche, Körperhöhe, Volumen, Grundfläche, Kreissektor und Zentriwinkel richtig verwenden.";;
585;1707522975;3_plus;14;;1;"aus Kreissektoren Kegel formen und deren Volumen berechnen.";;
586;1707522975;3_plus;15;;1;"Funktionsgleichungen veränderten Bedingungen anpassen.";1;
587;1707522976;3_plus;15;;1;"Bedingungen gezielt verändern und die Auswirkungen beschreiben.";1;
588;1707522976;3_plus;15;;1;"Situationen einer Wertetabelle, einem Graphen oder einem Term zuordnen und umgekehrt.";;
589;1707522976;3_plus;15;;1;"die Gesamtkosten und die Kosten für eine Person oder ein Stück tabellarisch darstellen und berechnen.";;
590;1707522976;3_plus;15;;1;"einfache Terme finden und abschätzen, wie sich y ändert, wenn x grösser oder kleiner wird.";;
591;1707522976;3_plus;15;;1;"für Gesamtkosten oder Stückpreise Funktionsgleichungen aufstellen.";;
592;1707522976;3_plus;16;;1;"jemandem das 3-Säulenprinzip der Vorsorge erklären.";1;
593;1707522976;3_plus;16;;1;"aus Preisen inkl. Mehrwertsteuer die Steuer berechnen.";1;
594;1707522976;3_plus;16;;1;"an Beispielen erste Berechnungen mit Zinseszins durchführen.";1;
595;1707522976;3_plus;16;;1;"einen einfachen Sparplan erstellen.";1;
596;1707522976;3_plus;16;;1;"jemandem den Unterschied zwischen Nettolohn und Bruttolohn erklären.";;
597;1707522976;3_plus;16;;1;"an Beispielen die prozentualen Anteile von Abzügen berechnen.";;
598;1707522976;3_plus;16;;1;"Zinsen und Endkapital bei gegebenem Anfangskapital und Zinsfuss berechnen.";;
599;1707522976;3_plus;16;;1;"Daten in einer Tabelle interpretieren und grafisch darstellen.";;
600;1707522976;3_plus;17;;1;"exponentiellen Zerfall als Spezialfall von exponentiellem Wachstum erkennen und beschreiben.";1;
601;1707522976;3_plus;17;;1;"Verdoppelungszeit bei exponentiellem Wachstum bestimmen.";1;
602;1707522976;3_plus;17;;1;"verschiedenen Sachsituationen geeignete Graphen zuordnen.";1;
603;1707522976;3_plus;17;;1;"lineares Wachstum in Sachsituationen und Grafiken erkennen.";;
604;1707522976;3_plus;17;;1;"nichtlineares Wachstum in Sachsituationen und Grafiken erkennen.";;
605;1707522976;3_plus;17;;1;"Eigenschaften von exponentiellem Wachstum beschreiben.";;
606;1707522976;3_plus;17;;1;"Kapital inkl. Zinseszins für x Anlagejahre berechnen.";;
607;1707522976;3_plus;18;;1;"Gewinnchancen bzw. Wahrscheinlichkeiten bei Ziehungen «mit Zurücklegen» bestimmen und die Bedingungen und Gedankenschritte dazu darlegen.";1;
608;1707522976;3_plus;18;;1;"Wettgewinne entsprechend der Gewinnwahrscheinlichkeit einschätzen.";1;
609;1707522976;3_plus;18;;1;"die Ergebnisse von Simulationen mit Erwartungswerten vergleichen.";1;
610;1707522976;3_plus;18;;1;"die Anzahl Möglichkeiten berechnen, wenn aus einer bestimmten Anzahl Zahlen eine, zwei, drei oder mehr Zahlen gezogen werden und meine Berechnungen begründen.";;
611;1707522976;3_plus;18;;1;"statistische Angaben zu Ziehungen erläutern und dazu Berechnungen anstellen.";;
612;1707522976;3_plus;18;;1;"einfache Wahrscheinlichkeiten beim Roulettespiel berechnen.";;
613;1707522976;3_plus;18;;1;"Simulationen zu Zahlenlotto und Roulette durchführen und auswerten.";;
614;1707522976;3_plus;19;;1;"den Schnittpunkt zweier Geraden durch Herauslesen in einem Koordinatensystem und anschliessendem Einsetzen überprüfen.";1;
615;1707522976;3_plus;19;;1;"die Beziehung zwischen Geradengleichung der Form y = ax + b und linearer Gleichung der Form Ax + By + C = 0 erklären.";1;
616;1707522976;3_plus;19;;1;"ein lineares 2 × 2-Gleichungssystem nach einem der drei Verfahren lösen.";1;
617;1707522976;3_plus;19;;1;"Spezialfälle unlösbarer oder allgemeingültiger 2 x 2-Gleichungssysteme geometrisch deuten.";1;
618;1707522976;3_plus;19;;1;"Verfahren zum Lösen linearer Gleichungssysteme in Sachsituationen anwenden.";1;
619;1707522976;3_plus;20;;1;"Quadratische Funktionen in einem Koordinatensystem darstellen und quadratische Gleichungen lösen.";1;
620;1707522976;3_plus;20;;1;"die Bedeutung der Buchstaben a, u und v bei Funktionen vom Typ y = a(x – u)² + v erklären.";1;
621;1707522976;3_plus;20;;1;"die quadratische Ergänzung bei quadratischen Gleichungen finden.";1;
622;1707522976;3_plus;20;;1;"quadratische Gleichungen mit Hilfe der quadratischen Ergänzung lösen.";1;
623;1707522976;3_plus;20;;1;"die Lösungen quadratischer Gleichungen mit Hilfe der Lösungsformel berechnen.";1;
624;1707522976;3_plus;21;;1;"Grundoperationen mit Brüchen und Bruchtermen durchführen.";1;
625;1707522976;3_plus;21;;1;"Grenzwerte intuitiv bestimmen.";1;
626;1707522977;3_plus;21;;1;"Einfache Bruchgleichungen lösen.";1;
627;1707522977;3_plus;22;;1;"relative und absolute Fehler berechnen.";1;
628;1707522977;3_plus;22;;1;"Zahlen in einer sinnvollen Genauigkeit angeben.";1;
629;1707522977;3_plus;22;;1;"Doppelrechnungen durchführen.";1;
630;1707522977;3_plus;23;;1;"Kostenberechnungen bei Kredit- und Leasinggeschäften verstehen und durchführen.";1;
631;1707522977;3_plus;23;;1;"Tabellenkalkulation als Hilfsmittel für Berechnungen einsetzen.";1;
632;1707522977;3_plus;23;;1;"finanzielle Auswirkungen von Kreditgeschäften auf ein gegebenes Budget beurteilen.";1;
633;1707522977;3_plus;23;;1;"Budgetberechnungen verstehen und durchführen.";1;
634;1707522977;3_plus;24;;1;"Kongruenzabbildungen erkennen und beschreiben.";1;
635;1707522977;3_plus;24;;1;"Ähnlichkeiten erkennen und beschreiben.";1;
636;1707522977;3_plus;24;;1;"eine algebraische Beschreibung von geometrischen Abbildungen verstehen.";1;
637;1707522977;3_plus;24;;1;"geometrische Abbildungen mithilfe von Koordinaten darstellen.";1;
638;1707522977;3_plus;25;;1;"Formeln für Kugelvolumen und Kugeloberfläche herleiten.";1;
639;1707522977;3_plus;25;;1;"Beziehungen zwischen Kreisformel und Kugelformeln erkennen.";1;
640;1707522977;3_plus;25;;1;"an Kugeln verschiedene Berechnungen durchführen.";1;
641;1707522977;3_plus;25;;1;"Ähnlichkeitseigenschaften verschieden grosser Kugeln erkennen.";1;
642;1707522977;3_plus;26;;1;"jemandem relatives Wachstum im Sinne von konstanten Wachstumsraten erklären.";1;
643;1707522977;3_plus;26;;1;"relatives und lineares Wachstum in einem neuen Modell miteinander verknüpfen.";1;
644;1707522977;3_plus;26;;1;"rekursive Vorschriften variieren und entsprechende qualitative Veränderungen erkennen.";1;
645;1707522977;3_plus;27;;1;"Zahlenstrukturen beschreiben und begründen.";1;
646;1707522977;3_plus;27;;1;"Beziehungen zwischen Produkten erkennen und visualisieren.";1;
647;1707522977;3_plus;27;;1;"die Verwandtschaft zwischen Zahlentermen algebraisch darstellen.";1;
648;1707522977;3_plus;28;;1;"verschiedene Sortieralgorithmen vergleichen und ausführen.";1;
649;1707522977;3_plus;28;;1;"Flussdiagramme lesen und befolgen.";1;
650;1707522977;3_plus;28;;1;"Aufgaben zur Graphentheorie bearbeiten.";1;
651;1707522977;3_plus;28;;1;"Fraktale als Algorithmus sehen, Fraktale zeichnen und vergleichen.";1;
652;1707522977;3_plus;28;;1;"die Bedeutung der Quadratwurzel an Beispielen erklären.";;
653;1707522977;3_plus;28;;1;"die Quadratwurzel von Zahlen im Kopf oder näherungsweise berechnen.";;
654;1707522977;3_plus;28;;1;"in einem rechtwinkligen Dreieck die Länge der dritten Seite bei zwei gegebenen Seiten bestimmen.";;
655;1707522977;3_plus;28;;1;"die Längen der Seiten und Raumdiagonalen in einem Quader bei gegebenen Seitenlängen bestimmen.";;
656;1707525072;2;1;1;1;"Test Test";;
